,누적환진률,누적검사수,누적검사완료수,치료중환자수,격리해제수,등록일시분초,사망자수,확진자수,검사진행수,결과음성수,고유값,기준일,기준시간,수정일시분초
0,1.0266093418,2736534.0,2707846.0,2046.0,25266.0,2020-11-11 09:35:35.369,487.0,27799.0,28688.0,2680047.0,319.0,2020-11-11,00:00,null
1,1.0256648016,2723960.0,2696105.0,2008.0,25160.0,2020-11-10 09:37:02.955,485.0,27653.0,27855.0,2668452.0,318.0,2020-11-10,00:00,null
2,1.0267955132,2709199.0,2683397.0,2044.0,25029.0,2020-11-09 09:36:39.787,480.0,27553.0,25802.0,2655844.0,317.0,2020-11-09,00:00,null
3,1.0244536147,2702880.0,2677232.0,1981.0,24968.0,2020-11-08 09:34:44.609,478.0,27427.0,25648.0,2649805.0,316.0,2020-11-08,00:00,null
4,1.0214778407,2697249.0,2671032.0,1897.0,24910.0,2020-11-07 09:40:32.259,477.0,27284.0,26217.0,2643748.0,315.0,2020-11-07,00:00,null
5,1.0221052097,2686314.0,2660685.0,1898.0,24821.0,2020-11-06 09:24:23.717,476.0,27195.0,25629.0,2633490.0,314.0,2020-11-06,00:00,null
6,1.0212773026000002,2673706.0,2648644.0,1840.0,24735.0,2020-11-05 09:51:34.898,475.0,27050.0,25062.0,2621594.0,313.0,2020-11-05,00:00,2020-11-05 09:52:58.741
7,1.020657656,2662260.0,2638005.0,1835.0,24616.0,2020-11-04 09:37:25.13,474.0,26925.0,24255.0,2611080.0,312.0,2020-11-04,00:00,null
8,1.0215911012999999,2649859.0,2624044.0,1825.0,24510.0,2020-11-03 09:30:37.135,472.0,26807.0,25815.0,2597237.0,311.0,2020-11-03,00:00,null
9,1.0237728857,2636650.0,2611126.0,1869.0,24395.0,2020-11-02 09:35:09.923,468.0,26732.0,25524.0,2584394.0,310.0,2020-11-02,00:00,null
10,1.02214605,2630630.0,2605792.0,1812.0,24357.0,2020-11-01 09:41:40.025,466.0,26635.0,24838.0,2579157.0,309.0,2020-11-01,00:00,null
11,1.0201191774,2624492.0,2598814.0,1736.0,24311.0,2020-10-31 09:35:22.796,464.0,26511.0,25678.0,2572303.0,308.0,2020-10-31,00:00,null
12,1.020357653,2612231.0,2585858.0,1695.0,24227.0,2020-10-30 09:31:55.454,463.0,26385.0,26373.0,2559473.0,307.0,2020-10-30,00:00,null
13,1.0214905339,2597978.0,2571830.0,1641.0,24168.0,2020-10-29 09:37:57.183,462.0,26271.0,26148.0,2545559.0,306.0,2020-10-29,00:00,null
14,1.0213057839,2582960.0,2560056.0,1612.0,24073.0,2020-10-28 09:35:22.911,461.0,26146.0,22904.0,2533910.0,305.0,2020-10-28,00:00,null
15,1.0234678831,2567587.0,2544584.0,1602.0,23981.0,2020-10-27 09:38:15.449,460.0,26043.0,23003.0,2518541.0,304.0,2020-10-27,00:00,null
16,1.0252810486,2552264.0,2531501.0,1593.0,23905.0,2020-10-26 09:38:40.8,457.0,25955.0,20763.0,2505546.0,303.0,2020-10-26,00:00,null
17,1.0234251706,2546146.0,2524464.0,1510.0,23869.0,2020-10-25 09:35:31.92,457.0,25836.0,21682.0,2498628.0,302.0,2020-10-25,00:00,null
18,1.0233084047,2540679.0,2518791.0,1484.0,23834.0,2020-10-24 10:28:45.505,457.0,25775.0,21888.0,2493016.0,301.0,2020-10-24,00:00,null
19,1.0245631213,2528621.0,2508191.0,1526.0,23717.0,2020-10-23 09:37:38.199,455.0,25698.0,20430.0,2482493.0,300.0,2020-10-23,00:00,null
20,1.0235574904,2515325.0,2495512.0,1443.0,23647.0,2020-10-22 09:41:20.743,453.0,25543.0,19813.0,2469969.0,299.0,2020-10-22,00:00,null
21,1.023511291,2503491.0,2483998.0,1390.0,23584.0,2020-10-21 09:34:27.414,450.0,25424.0,19493.0,2458574.0,298.0,2020-10-21,00:00,null
22,1.0248259256,2491311.0,2471932.0,1420.0,23466.0,2020-10-20 09:32:53.426,447.0,25333.0,19379.0,2446599.0,297.0,2020-10-20,00:00,null
23,1.0264113612999999,2479226.0,2462463.0,1463.0,23368.0,2020-10-19 09:42:35.552,444.0,25275.0,16763.0,2437188.0,296.0,2020-10-19,00:00,null
24,1.0257055261,2474529.0,2456748.0,1443.0,23312.0,2020-10-18 09:33:55.901,444.0,25199.0,17781.0,2431549.0,295.0,2020-10-18,00:00,null
25,1.0243108604,2468527.0,2451209.0,1407.0,23258.0,2020-10-17 09:49:12.315,443.0,25108.0,17318.0,2426101.0,294.0,2020-10-17,00:00,null
26,1.0251544693,2459426.0,2442071.0,1414.0,23180.0,2020-10-16 09:34:40.212,441.0,25035.0,17355.0,2417036.0,293.0,2020-10-16,00:00,null
27,1.0272656226,2450739.0,2432477.0,1467.0,23082.0,2020-10-15 09:39:50.753,439.0,24988.0,18262.0,2407489.0,292.0,2020-10-15,00:00,null
28,1.027173101,2441454.0,2423058.0,1421.0,23030.0,2020-10-14 09:35:05.055,438.0,24889.0,18396.0,2398169.0,291.0,2020-10-14,00:00,null
29,1.0298312704,2428771.0,2408647.0,1508.0,22863.0,2020-10-13 09:40:11.124,434.0,24805.0,20124.0,2383842.0,290.0,2020-10-13,00:00,null
30,1.0308301807,2415610.0,2396418.0,1541.0,22729.0,2020-10-12 09:41:37.542,433.0,24703.0,19192.0,2371715.0,289.0,2020-10-12,00:00,null
31,1.0308301807,2415610.0,2396418.0,1542.0,22728.0,2020-10-12 09:41:37.542,433.0,24703.0,19192.0,2371715.0,289.0,2020-10-12,00:00,2020-10-12 15:39:41.918
32,1.0290316914,2410483.0,2391180.0,1481.0,22693.0,2020-10-11 09:32:37.429,432.0,24606.0,19303.0,2366574.0,288.0,2020-10-11,00:00,null
33,1.0289633826,2404684.0,2385702.0,1494.0,22624.0,2020-10-10 09:39:43.14,430.0,24548.0,18982.0,2361154.0,287.0,2020-10-10,00:00,null
34,1.0286047604000002,2400233.0,2379534.0,1479.0,22569.0,2020-10-09 09:37:05.199,428.0,24476.0,20699.0,2355058.0,286.0,2020-10-09,00:00,null
35,1.0313928237,2388844.0,2367866.0,1532.0,22463.0,2020-10-08 10:01:47.648,427.0,24422.0,20978.0,2343444.0,285.0,2020-10-08,00:00,null
36,1.0336872621,2378073.0,2355935.0,1594.0,22334.0,2020-10-07 09:42:43.617,425.0,24353.0,22138.0,2331582.0,284.0,2020-10-07,00:00,null
37,1.034662628,2365433.0,2342696.0,1734.0,22083.0,2020-10-06 09:39:50.695,422.0,24239.0,22737.0,2318457.0,283.0,2020-10-06,00:00,null
38,1.0371122578,2352378.0,2329931.0,1856.0,21886.0,2020-10-05 09:32:34.385,422.0,24164.0,22447.0,2305767.0,282.0,2020-10-05,00:00,null
39,1.036515765,2346345.0,2324229.0,1825.0,21845.0,2020-10-04 09:35:29.507,421.0,24091.0,22116.0,2300138.0,281.0,2020-10-04,00:00,null
40,1.0362844026,2339859.0,2318572.0,1820.0,21787.0,2020-10-03 09:49:45.749,420.0,24027.0,21287.0,2294545.0,280.0,2020-10-03,00:00,null
41,1.0351882761,2333777.0,2313782.0,1803.0,21733.0,2020-10-02 09:51:40.639,416.0,23952.0,19995.0,2289830.0,279.0,2020-10-02,00:00,null
42,1.0348699492,2328435.0,2308406.0,1808.0,21666.0,2020-10-01 09:38:23.382,415.0,23889.0,20029.0,2284517.0,278.0,2020-10-01,00:00,null
43,1.0342238087,2322999.0,2302403.0,1809.0,21590.0,2020-09-30 09:32:00.223,413.0,23812.0,20596.0,2278591.0,277.0,2020-09-30,00:00,null
44,1.0342238087,2322999.0,2302403.0,1808.0,21591.0,2020-09-30 09:32:00.223,413.0,23812.0,20596.0,2278591.0,277.0,2020-09-30,00:00,2020-09-30 18:56:19.249
45,1.0335422601,2313044.0,2292988.0,1822.0,21470.0,2020-09-29 09:40:16.798,407.0,23699.0,20056.0,2269289.0,276.0,2020-09-29,00:00,null
46,1.0365284161,2301303.0,2282716.0,1963.0,21292.0,2020-09-28 10:25:15.422,406.0,23661.0,18587.0,2259055.0,275.0,2020-09-28,00:00,null
47,1.0366436472,2296517.0,2277639.0,1962.0,21248.0,2020-09-27 10:12:36.066,401.0,23611.0,18878.0,2254028.0,274.0,2020-09-27,00:00,null
48,1.035109473,2290345.0,2271837.0,1951.0,21166.0,2020-09-26 10:01:53.253,399.0,23516.0,18508.0,2248321.0,273.0,2020-09-26,00:00,null
49,1.0375100466,2280276.0,2260701.0,2082.0,20978.0,2020-09-25 09:56:13.802,395.0,23455.0,19575.0,2237246.0,272.0,2020-09-25,00:00,null
50,1.0382004939,2268999.0,2248217.0,2116.0,20832.0,2020-09-24 10:06:21.95,393.0,23341.0,20782.0,2224876.0,271.0,2020-09-24,00:00,null
51,1.0381099387000001,2256899.0,2236372.0,2178.0,20650.0,2020-09-23 10:10:59.643,388.0,23216.0,20527.0,2213156.0,270.0,2020-09-23,00:00,null
52,1.0399254688,2245112.0,2221890.0,2277.0,20441.0,2020-09-22 10:08:48.145,388.0,23106.0,23222.0,2198784.0,269.0,2020-09-22,00:00,null
53,1.0432072023,2231589.0,2209053.0,2412.0,20248.0,2020-09-21 10:01:42.98,385.0,23045.0,22536.0,2186008.0,268.0,2020-09-21,00:00,null
54,1.0431673785,2226701.0,2202427.0,2434.0,20158.0,2020-09-20 09:52:54.024,383.0,22975.0,24274.0,2179452.0,267.0,2020-09-20,00:00,null
55,1.0432193476,2219162.0,2194457.0,2545.0,19970.0,2020-09-19 10:09:15.94,378.0,22893.0,24705.0,2171564.0,266.0,2020-09-19,00:00,null
56,1.0446307637999999,2206365.0,2180962.0,2635.0,19771.0,2020-09-18 09:58:09.847,377.0,22783.0,25403.0,2158179.0,265.0,2020-09-18,00:00,null
57,1.0458441347,2191892.0,2166384.0,2742.0,19543.0,2020-09-17 10:09:16.903,372.0,22657.0,25508.0,2143727.0,264.0,2020-09-17,00:00,null
58,1.0452440559,2178832.0,2152990.0,2827.0,19310.0,2020-09-16 09:37:10.616,367.0,22504.0,25842.0,2130486.0,263.0,2020-09-16,00:00,null
59,1.0476458731,2164578.0,2137268.0,3146.0,18878.0,2020-09-15 09:48:41.78,367.0,22391.0,27310.0,2114877.0,262.0,2020-09-15,00:00,null
60,1.049433819,2151002.0,2123526.0,3433.0,18489.0,2020-09-14 09:54:39.941,363.0,22285.0,27476.0,2101241.0,261.0,2020-09-14,00:00,null
61,1.0482306145,2143270.0,2115565.0,3592.0,18226.0,2020-09-13 11:05:38.708,358.0,22176.0,27705.0,2093389.0,260.0,2020-09-13,00:00,null
62,1.0464355477,2135457.0,2107631.0,3671.0,18029.0,2020-09-12 10:03:19.762,355.0,22055.0,27826.0,2085576.0,259.0,2020-09-12,00:00,null
63,1.0488623726000001,2119211.0,2089788.0,3953.0,17616.0,2020-09-11 09:34:22.301,350.0,21919.0,29423.0,2067869.0,258.0,2020-09-11,00:00,null
64,1.0521283303,2099591.0,2066573.0,4037.0,17360.0,2020-09-10 09:43:44.767,346.0,21743.0,33018.0,2044830.0,257.0,2020-09-10,00:00,null
65,1.055286183,2082234.0,2045701.0,4221.0,17023.0,2020-09-09 10:04:44.84,344.0,21588.0,36533.0,2024113.0,256.0,2020-09-09,00:00,null
66,1.0595696462,2066078.0,2022708.0,4455.0,16636.0,2020-09-08 09:34:17.322,341.0,21432.0,43370.0,2001276.0,255.0,2020-09-08,00:00,null
67,1.062574968,2051297.0,2004188.0,4663.0,16297.0,2020-09-07 09:34:31.98,336.0,21296.0,47109.0,1982892.0,254.0,2020-09-07,00:00,null
68,1.0608050637,2045935.0,1996314.0,4697.0,16146.0,2020-09-06 09:48:30.763,334.0,21177.0,49621.0,1975137.0,253.0,2020-09-06,00:00,null
69,1.0584553504,2037045.0,1984968.0,4668.0,16009.0,2020-09-05 09:34:11.934,333.0,21010.0,52077.0,1963958.0,252.0,2020-09-05,00:00,null
70,1.0597770817,2018906.0,1966640.0,4728.0,15783.0,2020-09-04 09:46:40.727,331.0,20842.0,52266.0,1945798.0,251.0,2020-09-04,00:00,null
71,1.0613728954000001,2000552.0,1945028.0,4786.0,15529.0,2020-09-03 09:37:35.778,329.0,20644.0,55524.0,1924384.0,250.0,2020-09-03,00:00,null
72,1.0630881387,1980295.0,1923547.0,4767.0,15356.0,2020-09-02 10:20:17.634,326.0,20449.0,56748.0,1903098.0,249.0,2020-09-02,00:00,null
73,1.0609056124,1959080.0,1902337.0,4660.0,15198.0,2020-09-01 09:32:28.222,324.0,20182.0,56743.0,1882155.0,248.0,2020-09-01,00:00,null
74,1.0611161854,1937689.0,1879813.0,4650.0,14973.0,2020-08-31 09:32:30.212,324.0,19947.0,57876.0,1859866.0,247.0,2020-08-31,00:00,null
75,1.0555963109,1924170.0,1866149.0,4473.0,14903.0,2020-08-30 09:37:35.21,323.0,19699.0,58021.0,1846450.0,246.0,2020-08-30,00:00,null
76,1.0456625754,1909329.0,1855283.0,4314.0,14765.0,2020-08-29 09:56:02.115,321.0,19400.0,54046.0,1835883.0,245.0,2020-08-29,00:00,null
77,1.0384832711,1887717.0,1837006.0,4210.0,14551.0,2020-08-28 09:39:46.063,316.0,19077.0,50711.0,1817929.0,244.0,2020-08-28,00:00,null
78,1.0291944377,1869579.0,1817538.0,3932.0,14461.0,2020-08-27 10:15:47.305,313.0,18706.0,52041.0,1798832.0,243.0,2020-08-27,00:00,null
79,1.0165797393,1849506.0,1796711.0,3585.0,14368.0,2020-08-26 10:20:54.096,312.0,18265.0,52795.0,1778446.0,242.0,2020-08-26,00:00,null
80,1.0107154423,1825837.0,1775475.0,3349.0,14286.0,2020-08-25 10:23:00.215,310.0,17945.0,50362.0,1757530.0,241.0,2020-08-25,00:00,null
81,1.005734938,1804422.0,1756427.0,3137.0,14219.0,2020-08-24 10:17:43.752,309.0,17665.0,47995.0,1738762.0,240.0,2020-08-24,00:00,null
82,0.997865363,1791186.0,1743622.0,2890.0,14200.0,2020-08-23 10:21:59.464,309.0,17399.0,47564.0,1726223.0,239.0,2020-08-23,00:00,null
83,0.9808621687000001,1775800.0,1733373.0,2524.0,14169.0,2020-08-22 10:15:55.539,309.0,17002.0,42427.0,1716371.0,238.0,2020-08-22,00:00,null
84,0.9714010668,1754123.0,1716078.0,2241.0,14120.0,2020-08-21 10:21:09.752,309.0,16670.0,38045.0,1699408.0,237.0,2020-08-21,00:00,null
85,0.9620472195,1734083.0,1699085.0,1976.0,14063.0,2020-08-20 10:13:52.572,307.0,16346.0,34998.0,1682739.0,236.0,2020-08-20,00:00,null
86,0.9535391634999999,1715064.0,1684042.0,1746.0,14006.0,2020-08-19 10:12:19.406,306.0,16058.0,31022.0,1667984.0,235.0,2020-08-19,00:00,null
87,0.9427433406,1697042.0,1671823.0,1521.0,13934.0,2020-08-18 10:13:01.496,306.0,15761.0,25219.0,1656062.0,234.0,2020-08-18,00:00,null
88,0.9315487305,1688470.0,1665506.0,1293.0,13917.0,2020-08-18 09:12:22.918,305.0,15515.0,22964.0,1649991.0,233.0,2020-08-17,00:00,null
89,0.9228922834000001,1681787.0,1659782.0,1103.0,13910.0,2020-08-16 10:33:30.845,305.0,15318.0,22005.0,1644464.0,232.0,2020-08-16,00:00,null
90,0.9094273492,1675296.0,1653678.0,833.0,13901.0,2020-08-15 09:04:10.134,305.0,15039.0,21618.0,1638639.0,231.0,2020-08-15,00:00,null
91,0.9041601212999999,1665084.0,1644952.0,705.0,13863.0,2020-08-14 10:25:20.167,305.0,14873.0,20132.0,1630079.0,230.0,2020-08-14,00:00,null
92,0.9022051188,1654898.0,1637100.0,648.0,13817.0,2020-08-13 10:26:12.732,305.0,14770.0,17798.0,1622330.0,229.0,2020-08-13,00:00,null
93,0.9030999639,1646652.0,1629277.0,623.0,13786.0,2020-08-12 10:41:22.169,305.0,14714.0,17375.0,1614563.0,228.0,2020-08-12,00:00,null
94,0.9047400106,1637844.0,1620355.0,626.0,13729.0,2020-08-11 10:28:36.961,305.0,14660.0,17489.0,1605695.0,227.0,2020-08-11,00:00,null
95,0.9073724476,1628303.0,1611907.0,663.0,13658.0,2020-08-10 10:37:49.213,305.0,14626.0,16396.0,1597281.0,226.0,2020-08-10,00:00,null
96,0.9079222090000001,1624650.0,1607847.0,651.0,13642.0,2020-08-09 10:42:31.546,305.0,14598.0,16803.0,1593249.0,225.0,2020-08-09,00:00,null
97,0.9076239288,1620514.0,1604409.0,629.0,13629.0,2020-08-08 10:18:57.161,304.0,14562.0,16105.0,1589847.0,224.0,2020-08-08,00:00,null
98,0.9093790242,1613652.0,1596584.0,673.0,13543.0,2020-08-07 10:11:42.66,303.0,14519.0,17068.0,1582065.0,223.0,2020-08-07,00:00,null
99,0.9127731582999999,1606487.0,1588456.0,696.0,13501.0,2020-08-06 10:22:46.898,302.0,14499.0,18031.0,1573957.0,222.0,2020-08-06,00:00,null
100,0.9151122018000001,1598187.0,1579697.0,748.0,13406.0,2020-08-05 10:20:58.194,302.0,14456.0,18490.0,1565241.0,221.0,2020-08-05,00:00,null
101,0.9180449328,1589780.0,1571056.0,770.0,13352.0,2020-08-04 10:49:58.56,301.0,14423.0,18724.0,1556633.0,220.0,2020-08-04,00:00,null
102,0.9209808775,1579757.0,1562356.0,808.0,13280.0,2020-08-03 10:22:38.424,301.0,14389.0,17401.0,1547967.0,219.0,2020-08-03,00:00,null
103,0.9217967786,1576246.0,1558478.0,806.0,13259.0,2020-08-02 12:17:01.037,301.0,14366.0,17768.0,1544112.0,218.0,2020-08-02,00:00,null
104,0.9227885516,1571830.0,1553552.0,802.0,13233.0,2020-08-01 10:20:04.002,301.0,14336.0,18278.0,1539216.0,217.0,2020-08-01,00:00,null
105,0.9256107866,1563796.0,1545466.0,821.0,13183.0,2020-07-31 10:36:44.935,301.0,14305.0,18330.0,1531161.0,216.0,2020-07-31,00:00,null
106,0.9282479734,1556215.0,1537197.0,837.0,13132.0,2020-07-30 11:11:23.001,300.0,14269.0,19018.0,1522928.0,215.0,2020-07-30,00:00,2020-07-30 11:14:10.775
107,0.9326686653,1547307.0,1527981.0,882.0,13069.0,2020-07-29 10:44:55.248,300.0,14251.0,19326.0,1513730.0,214.0,2020-07-29,00:00,null
108,0.9360953297,1537704.0,1517260.0,896.0,13007.0,2020-07-28 10:31:12.133,300.0,14203.0,20444.0,1503057.0,213.0,2020-07-28,00:00,null
109,0.9398595945,1526974.0,1508204.0,971.0,12905.0,2020-07-27 10:35:55.409,299.0,14175.0,18770.0,1494029.0,212.0,2020-07-27,00:00,null
110,0.9410046604000001,1522926.0,1503712.0,962.0,12890.0,2020-07-26 10:28:23.583,298.0,14150.0,19214.0,1489562.0,211.0,2020-07-26,00:00,null
111,0.9401228723999999,1518634.0,1498953.0,928.0,12866.0,2020-07-25 10:19:50.222,298.0,14092.0,19681.0,1484861.0,210.0,2020-07-25,00:00,null
112,0.9383340224,1510327.0,1489768.0,864.0,12817.0,2020-07-24 11:05:47.968,298.0,13979.0,20559.0,1475789.0,209.0,2020-07-24,00:00,null
113,0.9421157792,1500854.0,1479436.0,883.0,12758.0,2020-07-23 10:38:02.297,297.0,13938.0,21418.0,1465498.0,208.0,2020-07-23,00:00,null
114,0.9439441754000001,1492071.0,1470320.0,884.0,12698.0,2020-07-22 10:27:17.21,297.0,13879.0,21751.0,1456441.0,207.0,2020-07-22,00:00,null
115,0.9472577108,1482390.0,1458526.0,877.0,12643.0,2020-07-21 11:07:32.302,296.0,13816.0,23864.0,1444710.0,206.0,2020-07-21,00:00,null
116,0.9504510691,1470193.0,1448891.0,903.0,12572.0,2020-07-20 10:55:19.896,296.0,13771.0,21302.0,1435120.0,205.0,2020-07-20,00:00,null
117,0.9523011114,1465299.0,1443346.0,894.0,12556.0,2020-07-19 10:19:04.08,295.0,13745.0,21953.0,1429601.0,204.0,2020-07-19,00:00,null
118,0.9539540284,1460204.0,1437281.0,898.0,12519.0,2020-07-18 10:13:20.679,294.0,13711.0,22923.0,1423570.0,203.0,2020-07-18,00:00,null
119,0.9574853264000001,1451017.0,1427907.0,919.0,12460.0,2020-07-17 10:40:48.691,293.0,13672.0,23110.0,1414235.0,202.0,2020-07-17,00:00,null
120,0.9599814943000001,1441348.0,1417944.0,925.0,12396.0,2020-07-16 10:44:37.828,291.0,13612.0,23404.0,1404332.0,201.0,2020-07-16,00:00,null
121,0.9624159901,1431316.0,1408019.0,914.0,12348.0,2020-07-15 10:38:15.025,289.0,13551.0,23297.0,1394468.0,200.0,2020-07-15,00:00,null
122,0.967681639,1420616.0,1396327.0,941.0,12282.0,2020-07-14 10:42:51.773,289.0,13512.0,24289.0,1382815.0,199.0,2020-07-14,00:00,null
123,0.9721832542000001,1408312.0,1386467.0,986.0,12204.0,2020-07-13 10:20:51.913,289.0,13479.0,21845.0,1372988.0,198.0,2020-07-13,00:00,null
124,0.9720252058,1402144.0,1380314.0,950.0,12178.0,2020-07-12 10:21:53.323,289.0,13417.0,21830.0,1366897.0,197.0,2020-07-12,00:00,null
125,0.9732960405,1396941.0,1373991.0,941.0,12144.0,2020-07-11 10:24:19.527,288.0,13373.0,22950.0,1360618.0,196.0,2020-07-11,00:00,null
126,0.9797533795000001,1384890.0,1361363.0,985.0,12065.0,2020-07-10 10:16:34.916,288.0,13338.0,23527.0,1348025.0,195.0,2020-07-10,00:00,null
127,0.9862307555,1371771.0,1347859.0,987.0,12019.0,2020-07-09 10:50:30.028,287.0,13293.0,23912.0,1334566.0,194.0,2020-07-09,00:00,null
128,0.9914488194,1359734.0,1335722.0,989.0,11970.0,2020-07-08 10:19:47.422,285.0,13244.0,24012.0,1322479.0,193.0,2020-07-08,00:00,null
129,0.9966586491,1346194.0,1322519.0,982.0,11914.0,2020-07-07 10:15:15.306,285.0,13181.0,23675.0,1309338.0,192.0,2020-07-07,00:00,null
130,1.0024387563,1331796.0,1310504.0,1005.0,11848.0,2020-07-06 10:42:19.893,284.0,13137.0,21292.0,1297367.0,191.0,2020-07-06,00:00,null
131,1.0034452462999999,1326055.0,1304406.0,976.0,11832.0,2020-07-05 10:25:25.534,283.0,13091.0,21649.0,1291317.0,190.0,2020-07-05,00:00,null
132,1.0043169904,1319521.0,1297200.0,936.0,11811.0,2020-07-04 10:13:42.477,283.0,13030.0,22321.0,1284172.0,189.0,2020-07-04,00:00,null
133,1.0080073021,1307761.0,1286201.0,926.0,11759.0,2020-07-03 10:19:07.857,282.0,12967.0,21560.0,1273234.0,188.0,2020-07-03,00:00,null
134,1.0111426287,1295962.0,1276180.0,938.0,11684.0,2020-07-02 10:27:02.501,282.0,12904.0,19782.0,1263276.0,187.0,2020-07-02,00:00,null
135,1.0152444684,1285231.0,1265705.0,955.0,11613.0,2020-07-01 10:35:05.507,282.0,12850.0,19526.0,1252855.0,186.0,2020-07-01,00:00,null
136,1.0215043465,1273765.0,1252956.0,981.0,11537.0,2020-06-30 11:19:14.228,282.0,12800.0,20809.0,1240157.0,185.0,2020-06-30,00:00,null
137,1.0275845681,1259954.0,1241455.0,1046.0,11429.0,2020-06-29 10:29:35.516,282.0,12757.0,18499.0,1228698.0,184.0,2020-06-29,00:00,2020-06-29 11:00:25.815
138,1.0314839902,1251695.0,1232690.0,1069.0,11364.0,2020-06-28 10:29:27.331,282.0,12715.0,19005.0,1219975.0,183.0,2020-06-28,00:00,null
139,1.0338144673,1243780.0,1223914.0,1054.0,11317.0,2020-06-27 10:47:04.557,282.0,12653.0,19866.0,1211261.0,182.0,2020-06-27,00:00,null
140,1.0384948499,1232315.0,1213487.0,1148.0,11172.0,2020-06-26 10:13:35.473,282.0,12602.0,18828.0,1200885.0,181.0,2020-06-26,00:00,null
141,1.0455417792,1220478.0,1201578.0,1307.0,10974.0,2020-06-25 10:19:08.891,282.0,12563.0,18900.0,1189015.0,180.0,2020-06-25,00:00,null
142,1.0548221402,1208597.0,1188352.0,1324.0,10930.0,2020-06-24 10:31:42.772,281.0,12535.0,20245.0,1175817.0,179.0,2020-06-24,00:00,null
143,1.0636140726,1196012.0,1173734.0,1295.0,10908.0,2020-06-23 10:41:13.976,281.0,12484.0,22278.0,1161250.0,178.0,2020-06-23,00:00,null
144,1.0697854838,1182066.0,1162663.0,1277.0,10881.0,2020-06-22 11:40:10.577,280.0,12438.0,19403.0,1150225.0,177.0,2020-06-22,00:00,null
145,1.0741167354999999,1176463.0,1156392.0,1273.0,10868.0,2020-06-21 10:10:23.157,280.0,12421.0,20071.0,1143971.0,176.0,2020-06-21,00:00,null
146,1.07644565,1170901.0,1149431.0,1237.0,10856.0,2020-06-20 10:14:21.623,280.0,12373.0,21470.0,1137058.0,175.0,2020-06-20,00:00,null
147,1.0824428058,1158063.0,1136873.0,1191.0,10835.0,2020-06-19 10:32:23.743,280.0,12306.0,21190.0,1124567.0,174.0,2020-06-19,00:00,null
148,1.0904823674,1145712.0,1123998.0,1177.0,10800.0,2020-06-18 10:12:45.408,280.0,12257.0,21714.0,1111741.0,173.0,2020-06-18,00:00,null
149,1.0975998214,1132823.0,1111334.0,1145.0,10774.0,2020-06-17 10:14:34.423,279.0,12198.0,21489.0,1099136.0,172.0,2020-06-17,00:00,null
150,1.1078855382,1119767.0,1097135.0,1117.0,10760.0,2020-06-16 10:16:46.75,278.0,12155.0,22632.0,1084980.0,171.0,2020-06-16,00:00,null
151,1.1172190545,1105719.0,1084926.0,1114.0,10730.0,2020-06-15 10:16:22.312,277.0,12121.0,20793.0,1072805.0,170.0,2020-06-15,00:00,null
152,1.119955958,1100327.0,1078971.0,1090.0,10718.0,2020-06-14 10:19:17.655,277.0,12085.0,21356.0,1066887.0,169.0,2020-06-14,00:00,null
153,1.1247480984,1094703.0,1071351.0,1083.0,10691.0,2020-06-13 10:11:42.777,277.0,12051.0,23352.0,1059301.0,168.0,2020-06-13,00:00,null
154,1.1352178592,1081486.0,1057242.0,1057.0,10669.0,2020-06-12 10:22:23.274,277.0,12003.0,24244.0,1045240.0,167.0,2020-06-12,00:00,null
155,1.1471173706,1066887.0,1041393.0,1017.0,10654.0,2020-06-11 10:30:28.32,276.0,11947.0,25494.0,1029447.0,166.0,2020-06-11,00:00,null
156,1.1602264883,1051971.0,1025748.0,1015.0,10611.0,2020-06-10 10:13:47.554,276.0,11902.0,26223.0,1013847.0,165.0,2020-06-10,00:00,null
157,1.1750684406999998,1035996.0,1008537.0,989.0,10589.0,2020-06-09 10:08:46.492,274.0,11852.0,27459.0,996686.0,164.0,2020-06-09,00:00,null
158,1.1886231069,1018213.0,993839.0,978.0,10563.0,2020-06-08 10:14:00.756,273.0,11814.0,24374.0,982026.0,163.0,2020-06-08,00:00,null
159,1.1939717404999999,1012769.0,986288.0,951.0,10552.0,2020-06-07 10:20:08.998,273.0,11776.0,26481.0,974512.0,162.0,2020-06-07,00:00,null
160,1.1990574522,1005305.0,977351.0,915.0,10531.0,2020-06-06 10:49:23.14,273.0,11719.0,27954.0,965632.0,161.0,2020-06-06,00:00,null
161,1.2126452669,990960.0,962194.0,889.0,10506.0,2020-06-05 10:56:50.891,273.0,11668.0,28766.0,950526.0,160.0,2020-06-05,00:00,null
162,1.2297244567,973858.0,945659.0,857.0,10499.0,2020-06-04 10:27:45.93,273.0,11629.0,28199.0,934030.0,159.0,2020-06-04,00:00,null
163,1.2475954991,956852.0,928987.0,850.0,10467.0,2020-06-03 10:25:46.26,273.0,11590.0,27865.0,917397.0,158.0,2020-06-03,00:00,null
164,1.2669483571,939851.0,910929.0,823.0,10446.0,2020-06-02 10:15:46.159,272.0,11541.0,28922.0,899388.0,157.0,2020-06-02,00:00,null
165,1.2819098372,921391.0,897333.0,810.0,10422.0,2020-06-01 10:13:09.747,271.0,11503.0,24058.0,885830.0,156.0,2020-06-01,00:00,null
166,1.2921282483,910822.0,887528.0,793.0,10405.0,2020-05-31 10:22:37.861,270.0,11468.0,23294.0,876060.0,155.0,2020-05-31,00:00,null
167,1.305151819,902901.0,876603.0,774.0,10398.0,2020-05-30 10:12:26.752,269.0,11441.0,26298.0,865162.0,154.0,2020-05-30,00:00,null
168,1.3249465756,885120.0,860563.0,770.0,10363.0,2020-05-29 10:10:53.131,269.0,11402.0,24557.0,849161.0,153.0,2020-05-29,00:00,null
169,1.3404293533,868666.0,846296.0,735.0,10340.0,2020-05-28 10:11:27.895,269.0,11344.0,22370.0,834952.0,152.0,2020-05-28,00:00,null
170,1.3542674753,852876.0,831815.0,701.0,10295.0,2020-05-27 10:16:33.139,269.0,11265.0,21061.0,820550.0,151.0,2020-05-27,00:00,null
171,1.3732045885,839475.0,817431.0,681.0,10275.0,2020-05-26 10:12:48.677,269.0,11225.0,22044.0,806206.0,150.0,2020-05-26,00:00,null
172,1.3880012088,826437.0,807348.0,713.0,10226.0,2020-05-25 10:27:08.014,267.0,11206.0,19089.0,796142.0,149.0,2020-05-25,00:00,null
173,1.3988269354,820289.0,799956.0,711.0,10213.0,2020-05-24 10:29:09.658,266.0,11190.0,20333.0,788766.0,148.0,2020-05-24,00:00,null
174,1.4082091086000001,814420.0,792851.0,705.0,10194.0,2020-05-23 10:34:53.857,266.0,11165.0,21569.0,781686.0,147.0,2020-05-23,00:00,null
175,1.42456772,802418.0,782132.0,716.0,10162.0,2020-05-22 10:15:38.071,264.0,11142.0,20286.0,770990.0,146.0,2020-05-22,00:00,null
176,1.4433003068999999,788684.0,770595.0,723.0,10135.0,2020-05-21 10:24:06.599,264.0,11122.0,18089.0,759473.0,145.0,2020-05-21,00:00,null
177,1.4616843972,776433.0,760082.0,781.0,10066.0,2020-05-20 10:13:17.176,263.0,11110.0,16351.0,748972.0,144.0,2020-05-20,00:00,null
178,1.4797321575,765574.0,748649.0,877.0,9938.0,2020-05-19 10:22:38.488,263.0,11078.0,16925.0,737571.0,143.0,2020-05-19,00:00,null
179,1.5011165105000002,753211.0,737118.0,898.0,9904.0,2020-05-18 10:18:09.187,263.0,11065.0,16093.0,726053.0,142.0,2020-05-18,00:00,null
180,1.5137131450999999,747653.0,729993.0,900.0,9888.0,2020-05-17 10:12:11.289,262.0,11050.0,17660.0,718943.0,141.0,2020-05-17,00:00,null
181,1.5280312112999999,740645.0,722302.0,924.0,9851.0,2020-05-16 10:19:43.567,262.0,11037.0,18343.0,711265.0,140.0,2020-05-16,00:00,2020-05-16 10:40:31.389
182,1.5586980386000002,726747.0,706872.0,937.0,9821.0,2020-05-15 10:33:33.767,260.0,11018.0,19875.0,695854.0,139.0,2020-05-15,00:00,null
183,1.5911413772,711484.0,690762.0,969.0,9762.0,2020-05-14 10:18:24.652,260.0,10991.0,20722.0,679771.0,138.0,2020-05-14,00:00,null
184,1.6207800503,695920.0,676341.0,1008.0,9695.0,2020-05-13 10:41:14.635,259.0,10962.0,19579.0,665379.0,137.0,2020-05-13,00:00,null
185,1.6456000963,680890.0,664560.0,1008.0,9670.0,2020-05-12 10:12:13.807,258.0,10936.0,16330.0,653624.0,136.0,2020-05-12,00:00,null
186,1.6589868759,668492.0,657570.0,1021.0,9632.0,2020-05-11 10:25:58.1,256.0,10909.0,10922.0,646661.0,135.0,2020-05-11,00:00,null
187,1.6633066058000001,663886.0,653758.0,1008.0,9610.0,2020-05-10 10:14:56.134,256.0,10874.0,10128.0,642884.0,134.0,2020-05-10,00:00,null
188,1.6654452377000002,660030.0,650877.0,1016.0,9568.0,2020-05-09 10:17:14.743,256.0,10840.0,9153.0,640037.0,133.0,2020-05-09,00:00,null
189,1.6752425711,654863.0,645996.0,1082.0,9484.0,2020-05-08 10:18:50.37,256.0,10822.0,8867.0,635174.0,132.0,2020-05-08,00:00,null
190,1.6865353322,649388.0,640959.0,1135.0,9419.0,2020-05-07 10:43:55.587,256.0,10810.0,8429.0,630149.0,131.0,2020-05-07,00:00,null
191,1.7015018438,643095.0,635086.0,1218.0,9333.0,2020-05-06 10:16:11.219,255.0,10806.0,8009.0,624280.0,130.0,2020-05-06,00:00,null
192,1.7111750628,640237.0,631379.0,1267.0,9283.0,2020-05-05 10:20:41.144,254.0,10804.0,8858.0,620575.0,129.0,2020-05-05,00:00,null
193,1.7261024858,633921.0,625745.0,1332.0,9217.0,2020-05-04 10:11:32.113,252.0,10801.0,8176.0,614944.0,128.0,2020-05-04,00:00,null
194,1.7341356234,630973.0,622385.0,1360.0,9183.0,2020-05-03 10:54:37.387,250.0,10793.0,8588.0,611592.0,127.0,2020-05-03,00:00,null
195,1.7413329111000002,627562.0,619066.0,1407.0,9123.0,2020-05-02 10:22:19.467,250.0,10780.0,8496.0,608286.0,126.0,2020-05-02,00:00,null
196,1.7536263965,623069.0,614384.0,1454.0,9072.0,2020-05-01 10:24:37.982,248.0,10774.0,8685.0,603610.0,125.0,2020-05-01,00:00,null
197,1.7611538379,619881.0,611247.0,1459.0,9059.0,2020-04-30 10:12:41.865,247.0,10765.0,8634.0,600482.0,124.0,2020-04-30,00:00,null
198,1.7760649622,614197.0,605890.0,1593.0,8922.0,2020-04-29 10:26:00.327,246.0,10761.0,8307.0,595129.0,123.0,2020-04-29,00:00,null
199,1.7940601791,608514.0,599311.0,1654.0,8854.0,2020-04-28 10:22:15.984,244.0,10752.0,9203.0,588559.0,122.0,2020-04-28,00:00,null
200,1.8115104636000001,601660.0,592765.0,1731.0,8764.0,2020-04-27 10:12:27.27,243.0,10738.0,8895.0,582027.0,121.0,2020-04-27,00:00,
201,1.8205082082,598285.0,589286.0,1769.0,8717.0,2020-04-26 10:12:24.24,242.0,10728.0,8999.0,578558.0,120.0,2020-04-26,00:00,
202,1.8293161655,595161.0,585902.0,1843.0,8635.0,2020-04-25 10:58:08.08,240.0,10718.0,9259.0,575184.0,119.0,2020-04-25,00:00,
203,1.8293161655,595161.0,585902.0,1843.0,8635.0,2020-04-25 10:57:05.05,240.0,10718.0,9259.0,575184.0,118.0,2020-04-25,00:00,
204,2.1770963544,597244.0,587985.0,1843.0,10718.0,2020-04-25 10:39:03.03,240.0,12801.0,9259.0,575184.0,117.0,2020-04-25,00:00,
205,1.8464615809,589520.0,579920.0,1967.0,8501.0,2020-04-24 10:11:08.08,240.0,10708.0,9600.0,569212.0,116.0,2020-04-24,00:00,
206,1.8650057856,583971.0,573832.0,2051.0,8411.0,2020-04-23 10:11:05.05,240.0,10702.0,10139.0,563130.0,115.0,2020-04-23,00:00,
207,1.8899402302000001,577959.0,565838.0,2179.0,8277.0,2020-04-22 10:20:28.28,238.0,10694.0,12121.0,555144.0,114.0,2020-04-22,00:00,
208,1.9135113641,571014.0,558293.0,2233.0,8213.0,2020-04-21 10:11:58.58,237.0,10683.0,12721.0,547610.0,113.0,2020-04-21,00:00,
209,1.9370152471000002,563035.0,551054.0,2324.0,8114.0,2020-04-20 10:26:59.59,236.0,10674.0,11981.0,540380.0,112.0,2020-04-20,00:00,
210,1.9494720827,559109.0,546866.0,2385.0,8042.0,2020-04-19 10:27:30.30,234.0,10661.0,12243.0,536205.0,111.0,2020-04-19,00:00,
211,1.9680980779,554834.0,541284.0,2484.0,7937.0,2020-04-18 10:44:12.12,232.0,10653.0,13550.0,530631.0,110.0,2020-04-18,00:00,
212,1.998019828,546463.0,532277.0,2576.0,7829.0,2020-04-17 10:32:02.02,230.0,10635.0,14186.0,521642.0,109.0,2020-04-17,00:00,
213,2.0234239009,538775.0,524507.0,2627.0,7757.0,2020-04-16 10:55:17.17,229.0,10613.0,14268.0,513894.0,108.0,2020-04-16,00:00,
214,2.0385890215,534552.0,519526.0,2750.0,7616.0,2020-04-15 11:34:34.34,225.0,10591.0,15026.0,508935.0,107.0,2020-04-15,00:00,
215,2.0601146284,527438.0,512787.0,2808.0,7534.0,2020-04-14 10:23:15.15,222.0,10564.0,14651.0,502223.0,106.0,2020-04-14,00:00,
216,2.0850812897999997,518743.0,505352.0,2873.0,7447.0,2020-04-13 10:14:53.53,217.0,10537.0,13391.0,494815.0,105.0,2020-04-13,00:00,
217,2.0989032272,514621.0,500833.0,2930.0,7368.0,2020-04-12 10:20:49.49,214.0,10512.0,13788.0,490321.0,104.0,2020-04-12,00:00,
218,2.1111623681,510479.0,496409.0,3026.0,7243.0,2020-04-11 10:24:11.11,211.0,10480.0,14070.0,485929.0,103.0,2020-04-11,00:00,
219,2.1424778525,503051.0,487753.0,3125.0,7117.0,2020-04-10 10:15:54.54,208.0,10450.0,15298.0,477303.0,102.0,2020-04-10,00:00,
220,2.1750743944999997,494711.0,479202.0,3246.0,6973.0,2020-04-09 10:22:27.27,204.0,10423.0,15509.0,468779.0,101.0,2020-04-09,00:00,
221,2.2181161819,486003.0,468145.0,3408.0,6776.0,2020-04-08 10:15:42.42,200.0,10384.0,17858.0,457761.0,100.0,2020-04-08,00:00,
222,2.2623255243,477304.0,456654.0,3445.0,6694.0,2020-04-07 10:12:25.25,192.0,10331.0,20650.0,446323.0,99.0,2020-04-07,00:00,
223,2.2980543408000003,466804.0,447509.0,3500.0,6598.0,2020-04-06 10:27:44.44,186.0,10284.0,19295.0,437225.0,98.0,2020-04-06,00:00,
224,2.317835811,461233.0,441662.0,3591.0,6463.0,2020-04-05 10:11:59.59,183.0,10237.0,19571.0,431425.0,97.0,2020-04-05,00:00,
225,2.3353139199,455032.0,434888.0,3654.0,6325.0,2020-04-04 10:32:51.51,177.0,10156.0,20144.0,424732.0,96.0,2020-04-04,00:00,
226,2.3710720723,443273.0,424365.0,3867.0,6021.0,2020-04-03 10:19:21.21,174.0,10062.0,18908.0,414303.0,95.0,2020-04-03,00:00,
227,2.4104886217,431743.0,413858.0,3979.0,5828.0,2020-04-02 10:13:00.00,169.0,9976.0,17885.0,403882.0,94.0,2020-04-02,00:00,
228,2.4104886217,431743.0,413858.0,3979.0,5828.0,2020-04-02 10:09:03.03,169.0,9976.0,17885.0,403882.0,93.0,2020-04-02,00:00,
229,2.4414636435,421547.0,404962.0,4155.0,5567.0,2020-04-01 10:13:22.22,165.0,9887.0,16585.0,395075.0,92.0,2020-04-01,00:00,
230,2.4858257635,410564.0,393672.0,4216.0,5408.0,2020-03-31 11:00:44.44,162.0,9786.0,16892.0,383886.0,91.0,2020-03-31,00:00,2020-03-31 11:43:15.15
231,2.5312906936000004,395194.0,381663.0,4275.0,5228.0,2020-03-30 10:32:34.34,158.0,9661.0,13531.0,372002.0,90.0,2020-03-30,00:00,
232,2.5277423881,394141.0,379113.0,4398.0,5033.0,2020-03-29 10:10:20.20,152.0,9583.0,15028.0,369530.0,89.0,2020-03-29,00:00,
233,2.5522335409,387925.0,371361.0,4523.0,4811.0,2020-03-28 10:30:06.06,144.0,9478.0,16564.0,361883.0,88.0,2020-03-28,00:00,
234,2.5797391511,376961.0,361742.0,4665.0,4528.0,2020-03-27 10:17:01.01,139.0,9332.0,15219.0,352410.0,87.0,2020-03-27,00:00,
235,2.6359702544,364942.0,350573.0,4966.0,4144.0,2020-03-26 10:40:50.50,131.0,9241.0,14369.0,341332.0,86.0,2020-03-26,00:00,
236,2.6590574416,357896.0,343618.0,5281.0,3730.0,2020-03-25 10:12:04.04,126.0,9137.0,14278.0,334481.0,85.0,2020-03-25,00:00,
237,2.7126570650999997,348582.0,333142.0,5410.0,3507.0,2020-03-24 10:20:57.57,120.0,9037.0,15440.0,324105.0,84.0,2020-03-24,00:00,2020-04-07 19:37:58.58
238,2.7126570650999997,348582.0,333142.0,5410.0,3507.0,2020-03-24 10:09:30.30,120.0,9037.0,15440.0,324105.0,83.0,2020-03-24,00:00,
239,2.7622623363,338036.0,324408.0,5684.0,3166.0,2020-03-23 10:27:32.32,111.0,8961.0,13628.0,315447.0,82.0,2020-03-23,00:00,
240,2.8045013239,331780.0,317240.0,5884.0,2909.0,2020-03-22 10:07:28.28,104.0,8897.0,14540.0,308343.0,81.0,2020-03-22,00:00,
241,2.8219560302,327509.0,311805.0,6085.0,2612.0,2020-03-21 10:02:58.58,102.0,8799.0,15704.0,303006.0,80.0,2020-03-21,00:00,
242,2.873091828,316664.0,301139.0,6325.0,2233.0,2020-03-20 10:15:59.59,94.0,8652.0,15525.0,292487.0,79.0,2020-03-20,00:00,
243,2.9420857378,307024.0,291120.0,6527.0,1947.0,2020-03-19 10:07:57.57,91.0,8565.0,15904.0,282555.0,78.0,2020-03-19,00:00,
244,3.0121625056,295647.0,279301.0,6789.0,1540.0,2020-03-18 10:26:15.15,84.0,8413.0,16346.0,270888.0,77.0,2020-03-18,00:00,
245,3.0880579010000004,286716.0,269425.0,6838.0,1401.0,2020-03-17 10:29:38.38,81.0,8320.0,17291.0,261105.0,76.0,2020-03-17,00:00,
246,3.1733922082999997,274504.0,259533.0,7024.0,1137.0,2020-03-16 10:12:33.33,75.0,8236.0,14971.0,251297.0,75.0,2020-03-16,00:00,
247,3.2396602365,268212.0,251940.0,7253.0,834.0,2020-03-15 10:01:22.22,75.0,8162.0,16272.0,243778.0,74.0,2020-03-15,00:00,
248,3.3180003364,261335.0,243701.0,7300.0,714.0,2020-03-14 10:29:11.11,72.0,8086.0,17634.0,235615.0,73.0,2020-03-14,00:00,2020-03-14 10:34:07.07
249,3.4584993086,248647.0,230707.0,7402.0,510.0,2020-03-13 10:07:22.22,67.0,7979.0,17940.0,222728.0,72.0,2020-03-13,00:00,
250,3.6217442732,234998.0,217271.0,7470.0,333.0,2020-03-12 10:37:03.03,66.0,7869.0,17727.0,209402.0,71.0,2020-03-12,00:00,
251,3.8041745357999996,222395.0,203855.0,7407.0,288.0,2020-03-11 10:17:19.19,60.0,7755.0,18540.0,196100.0,70.0,2020-03-11,00:00,
252,3.9193080566000003,210144.0,191692.0,7212.0,247.0,2020-03-10 10:20:27.27,54.0,7513.0,18452.0,184179.0,69.0,2020-03-10,00:00,
253,4.1203393614,196618.0,179160.0,7165.0,166.0,2020-03-09 10:47:15.15,51.0,7382.0,17458.0,171778.0,68.0,2020-03-09,00:00,2020-03-09 13:29:59.59
254,4.2177578602,188518.0,169142.0,6954.0,130.0,2020-03-08 11:16:27.27,50.0,7134.0,19376.0,162008.0,67.0,2020-03-08,00:00,2020-03-09 13:35:51.51
255,4.2675428362,178189.0,158569.0,6605.0,118.0,2020-03-07 11:00:45.45,44.0,6767.0,19620.0,151802.0,66.0,2020-03-07,00:00,2020-03-09 13:36:26.26
256,4.3972345844,164740.0,142908.0,6134.0,108.0,2020-03-06 12:55:44.44,42.0,6284.0,21832.0,136624.0,65.0,2020-03-06,00:00,2020-03-09 14:05:01.01
257,4.622748154,146541.0,124731.0,5643.0,88.0,2020-03-05 10:15:12.12,35.0,5766.0,21810.0,118965.0,64.0,2020-03-05,00:00,2020-03-09 14:06:01.01
258,4.9199855946,136707.0,108293.0,5255.0,41.0,2020-03-04 10:21:44.44,32.0,5328.0,28414.0,102965.0,63.0,2020-03-04,00:00,2020-03-09 14:06:59.59
259,5.3291397181999995,125851.0,90296.0,4750.0,34.0,2020-03-03 10:46:53.53,28.0,4812.0,35555.0,85484.0,62.0,2020-03-03,00:00,2020-03-09 14:08:12.12
260,5.5573147561,109591.0,75792.0,4159.0,31.0,2020-03-02 10:52:38.38,22.0,4212.0,33799.0,71580.0,61.0,2020-03-02,00:00,2020-03-09 14:08:51.51
261,,,,,30.0,2020-03-01 17:41:45.45,18.0,3736.0,33360.0,,60.0,2020-03-01,16:00,
262,,,,,30.0,2020-03-01 10:06:32.32,17.0,3526.0,32422.0,,59.0,2020-03-01,09:00,
263,,,,,28.0,2020-02-29 17:16:20.20,17.0,3150.0,35182.0,,58.0,2020-02-29,16:00,2020-02-29 18:02:17.17
264,,,,,27.0,2020-02-29 10:14:50.50,16.0,2931.0,29154.0,,57.0,2020-02-29,09:00,
265,,,,,27.0,2020-02-28 17:01:59.59,13.0,2337.0,30237.0,,56.0,2020-02-28,16:00,
266,,,,,26.0,2020-02-28 10:32:34.34,13.0,2022.0,24751.0,,55.0,2020-02-28,09:00,2020-02-28 13:34:23.23
267,,,,,26.0,2020-02-27 17:32:06.06,13.0,1766.0,25568.0,,54.0,2020-02-27,16:00,
268,,,,,24.0,2020-02-27 10:19:35.35,12.0,1595.0,21097.0,,53.0,2020-02-27,09:00,
269,,,,,24.0,2020-02-26 17:00:43.43,12.0,1261.0,20716.0,,52.0,2020-02-26,16:00,
270,,,,,22.0,2020-02-26 10:02:05.05,11.0,1146.0,16734.0,,51.0,2020-02-26,09:00,
271,,,,,22.0,2020-02-25 17:02:03.03,10.0,977.0,13880.0,,50.0,2020-02-25,16:00,
272,,,,,22.0,2020-02-25 10:00:40.40,8.0,893.0,13273.0,,49.0,2020-02-25,09:00,
273,,,,,22.0,2020-02-24 17:03:50.50,7.0,833.0,11631.0,,48.0,2020-02-24,16:00,
274,,,,,18.0,2020-02-24 10:17:36.36,7.0,763.0,8725.0,,47.0,2020-02-24,09:00,
275,,,,,18.0,2020-02-23 17:05:12.12,5.0,602.0,8057.0,,46.0,2020-02-23,16:00,
276,,,,,18.0,2020-02-23 10:22:25.25,4.0,556.0,6039.0,,45.0,2020-02-23,09:00,
277,,,,,18.0,2020-02-22 17:00:28.28,2.0,433.0,6037.0,,44.0,2020-02-22,16:00,
278,,,,,17.0,2020-02-22 9:59:46.46,2.0,346.0,5481.0,,43.0,2020-02-22,09:00,
279,,,,,17.0,2020-02-21 17:13:21.21,1.0,204.0,3180.0,,42.0,2020-02-21,16:00,
280,,,,,17.0,2020-02-21 17:12:33.33,1.0,204.0,3180.0,,41.0,2020-02-21,16:00,
281,,,,,16.0,2020-02-21 9:58:51.51,1.0,156.0,2707.0,,40.0,2020-02-21,09:00,
282,,,,,16.0,2020-02-20 17:12:33.33,1.0,104.0,1860.0,,39.0,2020-02-20,16:00,
283,,,,,16.0,2020-02-20 10:01:31.31,0.0,82.0,1633.0,,38.0,2020-02-20,09:00,
284,,,,,16.0,2020-02-19 17:00:13.13,0.0,51.0,1149.0,,37.0,2020-02-19,16:00,
285,,,,,12.0,2020-02-19 9:53:08.08,0.0,46.0,1030.0,,36.0,2020-02-19,09:00,
286,,,,,12.0,2020-02-18 16:42:00.00,0.0,31.0,818.0,,35.0,2020-02-18,16:00,
287,,,,,10.0,2020-02-18 10:05:31.31,0.0,31.0,957.0,,34.0,2020-02-18,09:00,
288,,,,,10.0,2020-02-18 10:04:38.38,0.0,31.0,957.0,,33.0,2020-02-18,09:00,
289,,,,,10.0,2020-02-17 16:50:47.47,0.0,30.0,708.0,,32.0,2020-02-17,16:00,
290,,,,,9.0,2020-02-17 9:53:13.13,0.0,30.0,408.0,,31.0,2020-02-17,09:00,
291,,,,,9.0,2020-02-16 16:57:02.02,0.0,29.0,485.0,,30.0,2020-02-16,16:00,
292,,,,,9.0,2020-02-16 10:04:04.04,0.0,29.0,577.0,,29.0,2020-02-16,09:00,
293,,,,,9.0,2020-02-15 17:00:21.21,0.0,28.0,558.0,,28.0,2020-02-15,16:00,
294,,,,,7.0,2020-02-15 10:00:11.11,0.0,28.0,638.0,,27.0,2020-02-15,09:00,
295,,,,,7.0,2020-02-14 17:16:19.19,0.0,28.0,535.0,,26.0,2020-02-14,16:00,
296,,,,,7.0,2020-02-14 9:50:49.49,0.0,28.0,692.0,,25.0,2020-02-14,09:00,
297,,,,,7.0,2020-02-13 17:09:07.07,0.0,28.0,562.0,,24.0,2020-02-13,16:00,
298,,,,,7.0,2020-02-13 9:50:45.45,0.0,28.0,670.0,,23.0,2020-02-13,09:00,
299,,,,,7.0,2020-02-12 16:56:47.47,0.0,28.0,785.0,,22.0,2020-02-12,16:00,
300,,,,,4.0,2020-02-12 10:05:49.49,0.0,28.0,992.0,,21.0,2020-02-12,09:00,
301,,,,,4.0,2020-02-11 17:09:25.25,0.0,28.0,762.0,,20.0,2020-02-11,16:00,
302,,,,,4.0,2020-02-11 9:50:10.10,0.0,28.0,865.0,,19.0,2020-02-11,09:00,
303,,,,,3.0,2020-02-10 17:03:49.49,0.0,27.0,531.0,,18.0,2020-02-10,16:00,2020-02-10 19:04:27.27
304,,,,,3.0,2020-02-10 9:56:41.41,0.0,27.0,809.0,,17.0,2020-02-10,09:00,
305,,,,,3.0,2020-02-09 16:59:21.21,0.0,27.0,888.0,,16.0,2020-02-09,16:00,
306,,,,,3.0,2020-02-09 9:58:22.22,0.0,25.0,960.0,,15.0,2020-02-09,09:00,2020-02-09 11:08:56.56
307,,,,,2.0,2020-02-08 17:01:34.34,0.0,24.0,939.0,,14.0,2020-02-08,16:00,
308,,,,,2.0,2020-02-08 17:01:12.12,0.0,24.0,939.0,,13.0,2020-02-08,16:00,
309,,,,,2.0,2020-02-08 16:48:05.05,0.0,24.0,939.0,,12.0,2020-02-08,16:00,
310,,,,,2.0,2020-02-08 16:00:22.22,0.0,24.0,939.0,,11.0,2020-02-08,16:00,
311,,,,,2.0,2020-02-08 10:09:34.34,0.0,24.0,620.0,,10.0,2020-02-08,09:00,
312,,,,,2.0,2020-02-07 17:20:45.45,0.0,24.0,327.0,,9.0,2020-02-07,16:00,
313,,,,,2.0,2020-02-07 9:53:27.27,0.0,24.0,264.0,,8.0,2020-02-07,09:00,2020-02-07 11:44:30.30
314,,,,,1.0,2020-02-06 9:09:49.49,0.0,23.0,169.0,,7.0,2020-02-06,09:00,2020-02-06 10:04:35.35
315,,,,,1.0,2020-02-05 20:05:40.40,0.0,19.0,40.0,,6.0,2020-02-05,19:00,2020-02-06 10:05:36.36
316,,,,,0.0,2020-02-04 23:56:31.31,0.0,18.0,129.0,,5.0,2020-02-05,09:00,2020-02-05 9:43:16.16
317,,,,,0.0,2020-02-03 21:26:59.59,0.0,0.0,0.0,,4.0,2020-02-04,00:00,
318,,,,,0.0,2020-02-03 14:41:17.17,0.0,15.0,0.0,,3.0,2020-02-03,09:00,2020-02-04 14:19:46.46
319,,,,,2.0,2020-02-03 12:22:49.49,2.0,2.0,2.0,,2.0,2020-02-02,09:00,
320,,,,,1.0,2020-01-31 17:47:33.33,0.0,0.0,1.0,,1.0,2020-01-01,18:00,2020-02-03 12:21:56.56
